<manifest alg="2" build="2018.1.1.386" opt="false" iceEnabled="true" iceMarkupVersion="2" iceEnabledOptions="link,responsive,cachebuster,textStyling" exportTarget="other" domain="landing.com" resolutions="1x" timestamp="1589497632200">
  <folder name="css">
    <file name="site_global.css" crc="444006867"/>
    <file name="master_a-p_g_-maestra.css" crc="4102703783" ref="index"/>
    <file name="index.css" crc="178109310" ref="index"/>
  </folder>
  <folder name="scripts">
    <file name="jquery-1.8.3.min.js" crc="209076791" ref="index"/>
    <file name="museutils.js" crc="3939489907" ref="index"/>
    <file name="whatinput.js" crc="86476730" ref="index"/>
    <file name="museconfig.js" crc="3936894949" ref="index"/>
    <file name="jquery.watch.js" crc="522499760" ref="index"/>
    <file name="jquery.musepolyfill.bgsize.js" crc="85124417" ref="index"/>
    <file name="webpro.js" crc="3856315280" ref="index"/>
    <file name="form_check.php" crc="4108222811" ref="index"/>
    <file name="form_throttle.php" crc="503802655" ref="index"/>
    <file name="form_process.php" crc="260214869" ref="index"/>
    <file name="form-u1360.php" crc="4089596758" ref="index"/>
    <file name="require.js" crc="4177726516" ref="index"/>
    <file name="jquery.scrolleffects.js" crc="312044820" ref="index"/>
  </folder>
  <folder name="images">
    <file name="logo-facultad-ciencias-uniandes.svg" crc="146173379" seo="true" ref="index">
      <caption webpage="index" alt=""/>
    </file>
    <file name="logo-facultad-ciencias-uniandes_poster_.png" crc="4274568688" ref="index"/>
    <file name="facebook.svg" crc="35943645" seo="true" ref="index">
      <caption webpage="index" alt=""/>
    </file>
    <file name="facebook_poster_.png" crc="234610461" ref="index"/>
    <file name="twitter.svg" crc="4012709926" seo="true" ref="index">
      <caption webpage="index" alt=""/>
    </file>
    <file name="twitter_poster_.png" crc="3833277449" ref="index"/>
    <file name="linkedin.svg" crc="175703361" seo="true" ref="index">
      <caption webpage="index" alt=""/>
    </file>
    <file name="linkedin_poster_.png" crc="340690291" ref="index"/>
    <file name="facultadbn.jpg" crc="4099469562" ref="index">
      <caption webpage="index" alt=""/>
    </file>
    <file name="100.svg" crc="4219194166" seo="true" ref="index">
      <caption webpage="index" alt=""/>
    </file>
    <file name="100_poster_.png" crc="3806651267" ref="index"/>
    <file name="acreditacion.svg" crc="4174685877" seo="true" ref="index">
      <caption webpage="index" alt=""/>
    </file>
    <file name="acreditacion_poster_.png" crc="331277433" ref="index"/>
    <file name="top.svg" crc="447663921" seo="true" ref="index">
      <caption webpage="index" alt=""/>
    </file>
    <file name="top_poster_.png" crc="23551903" ref="index"/>
    <file name="flecha.svg" crc="3872587712" seo="true" ref="index">
      <caption webpage="index" alt=""/>
      <caption webpage="index" alt=""/>
    </file>
    <file name="flecha_poster_.png" crc="3988426129" ref="index"/>
    <file name="234.svg" crc="4173773592" seo="true" ref="index">
      <caption webpage="index" alt=""/>
    </file>
    <file name="234_poster_.png" crc="107703939" ref="index"/>
    <file name="4.svg" crc="419688821" seo="true" ref="index">
      <caption webpage="index" alt=""/>
    </file>
    <file name="4_poster_.png" crc="444733029" ref="index"/>
    <file name="9.svg" crc="4058427058" seo="true" ref="index">
      <caption webpage="index" alt=""/>
    </file>
    <file name="9_poster_.png" crc="435115362" ref="index"/>
    <file name="1.svg" crc="3947068863" seo="true" ref="index">
      <caption webpage="index" alt=""/>
    </file>
    <file name="1_poster_.png" crc="150698683" ref="index"/>
    <file name="estudiantes.jpg" crc="4040239043" ref="index">
      <caption webpage="index" alt=""/>
    </file>
    <file name="5.jpg" crc="84387536" ref="index">
      <caption webpage="index" alt=""/>
    </file>
    <file name="2.jpg" crc="3774503967" ref="index">
      <caption webpage="index" alt=""/>
    </file>
    <file name="1.jpg" crc="3767335115" ref="index">
      <caption webpage="index" alt=""/>
    </file>
    <file name="banderas.svg" crc="3969879693" seo="true" ref="index">
      <caption webpage="index" alt=""/>
    </file>
    <file name="banderas_poster_.png" crc="189574322" ref="index"/>
    <file name="ensayo.svg" crc="530325142" seo="true" ref="index">
      <caption webpage="index" alt=""/>
    </file>
    <file name="ensayo_poster_.png" crc="4018730342" ref="index"/>
    <file name="libros.svg" crc="331165545" seo="true" ref="index">
      <caption webpage="index" alt=""/>
    </file>
    <file name="libros_poster_.png" crc="3969655909" ref="index"/>
    <file name="7.jpg" crc="326498487" ref="index">
      <caption webpage="index" alt=""/>
    </file>
    <file name="3.jpg" crc="99861754" ref="index">
      <caption webpage="index" alt=""/>
    </file>
    <file name="4.jpg" crc="3760709754" ref="index">
      <caption webpage="index" alt=""/>
    </file>
    <file name="mano.svg" crc="258605067" seo="true" ref="index">
      <caption webpage="index" alt=""/>
    </file>
    <file name="mano_poster_.png" crc="56084114" ref="index"/>
    <file name="manos.svg" crc="352366219" seo="true" ref="index">
      <caption webpage="index" alt=""/>
    </file>
    <file name="manos_poster_.png" crc="3846194503" ref="index"/>
    <file name="persona.svg" crc="334150477" seo="true" ref="index">
      <caption webpage="index" alt=""/>
    </file>
    <file name="persona_poster_.png" crc="4158517913" ref="index"/>
    <file name="radiobuttonunchecked.png" crc="3976871150" ref="index">
      <caption webpage="index" alt=""/>
    </file>
    <file name="radiobuttonuncheckedrollover.png" crc="4276313674" ref="index">
      <caption webpage="index" alt=""/>
    </file>
    <file name="radiobuttonuncheckedmousedown.png" crc="54863585" ref="index">
      <caption webpage="index" alt=""/>
    </file>
    <file name="radiobuttonchecked.png" crc="4193302265" ref="index">
      <caption webpage="index" alt=""/>
    </file>
    <file name="radiobuttoncheckedrollover.png" crc="88928956" ref="index">
      <caption webpage="index" alt=""/>
    </file>
    <file name="radiobuttoncheckedmousedown.png" crc="4280357799" ref="index">
      <caption webpage="index" alt=""/>
    </file>
    <file name="checkboxunchecked.jpg" crc="495023700" ref="index">
      <caption webpage="index" alt=""/>
    </file>
    <file name="checkboxuncheckedrollover.jpg" crc="4076496830" ref="index">
      <caption webpage="index" alt=""/>
    </file>
    <file name="checkboxuncheckedmousedown.jpg" crc="361678653" ref="index">
      <caption webpage="index" alt=""/>
    </file>
    <file name="checkboxchecked.jpg" crc="477278992" ref="index">
      <caption webpage="index" alt=""/>
    </file>
    <file name="checkboxcheckedrollover.jpg" crc="435737969" ref="index">
      <caption webpage="index" alt=""/>
    </file>
    <file name="checkboxcheckedmousedown.jpg" crc="4004261994" ref="index">
      <caption webpage="index" alt=""/>
    </file>
  </folder>
  <file name="index.html" crc="3891207281" seo="true" mt="1589497627014" redirect="true"/>
</manifest>